Aba;1112
Abád;1112
Abagta;1113
Abbás;1112
Abda;1119
Abdéel;1119
Abdi;1119
Abdiás;1119
Abdon;1119
Ábel;0102
Abelárd;0421
Abélia;0805
Abelina;0805
Abiáta;0205
Abigél;0209
Ábner;1119
Abod;1112
Abony;0712
Abos;1112
Abosa;1112
Ábrahám;0615
Ábrám;1009
Ábrán;0615
Ábris;0316
Absa;0119
Absolon;0302
Acél;1028
Achilles;0423
Achillesz;0423
Acsád;0102
Ada;0728
Adabella;0423
Adala;0129
Adalbert;0423
Adalberta;0423
Adalbertina;0423
Adália;0129
Ádám;0909
Adél;0129
Adela;0129
Adelaida;0129
Adelgund;0130
Adelgunda;0130
Adelheid;0205
Adélia;0129
Adelin;0129
Adelina;0728
Adelinda;0728
Adelmár;0529
Adeodát;0619
Adeodáta;0731
Ádér;0608
Ádin;0626
Adina;0728
Admira;0907
Adna;0202
Adolár;0421
Adolf;0221
Ádomás;0102
Adon;0512
Adonisz;0512
Adony;0626
Adorján;0304
Adria;0304
Adrián;0304
Adriána;0908
Adrianna;0304
Adriel;0304
Adrienn;0304
Áfra;0805
Afrodita;0805
Afrodité;0805
Agád;0110
Agamemnon;0104
Agapion;0110
Agáta;0111
Agaton;0110
Agenor;0818
Aggeus;0104
Aglája;0101
Aglent;0121
Agmánd;0206
Agnabella;1214
Agnella;1214
Ágnes;0121
Agnéta;0121
Ágost;0528
Ágosta;0528
Ágoston;0527
Ágota;0111
Agrippa;0527
Agrippina;0205
Ahillész;0423
Áhim;0320
Ahmed;0116
Aida;0202
Aina;0510
Ainó;0510
Airton;0203
Aisa;0425
Ajád;0309
Ajándék;0206
Ajándok;0217
Ajbars;0601
Ajka;1127
Ajna;0510
Ajnácska;0425
Ajnó;0510
Ajsa;0425
Ajtonka;0719
Ajtony;0313
Akács;0227
Akilina;0205
Ákos;0102
Aladár;0220
Aladdin;0209
Aladin;0209
Alajos;0621
Alán;0908
Alap;0327
Alárd;1019
Alarik;0209
Alba;1216
Albert;0423
Alberta;0824
Albertin;0824
Albertina;0824
Albin;0301
Albina;0301
Alda;0510
Aldán;0831
Áldáska;0813
Áldea;0510
Aldó;0110
Áldor;0206
Aldvin;0519
Álea;0212
Alen;0908
Aléna;0529
Alesszia;0109
Alett;0205
Aletta;1216
Alex;0209
Alexa;0318
Alexander;0226
Alexandra;0318
Alexia;0109
Alfonz;0123
Alfonza;0802
Alfonzin;0802
Alfonzina;0802
Alfréd;0115
Alfréda;0223
Algernon;0101
Ali;0815
Alicia;0518
Alida;0205
Alina;0617
Alinda;1204
Alinka;0617
Alitta;1216
Aliz;0629
Alma;0710
Almanda;0710
Almár;0324
Almira;0324
Almiréna;0324
Álmos;0101
Alojzia;0621
Alóma;0621
Alpár;0327
Alvián;0519
Alvin;0519
Alvina;0622
Amábel;0611
Amadé;0128
Amadea;0128
Amadeusz;0128
Amadil;0105
Amadó;0128
Amál;0128
Amália;0128
Amand;0206
Amanda;0206
Amarant;1107
Amaranta;1107
Amarilla;0501
Amarillisz;0501
Amáta;0105
Amázia;0123
Ambos;0719
Ambró;0719
Ambróz;0719
Ambrózia;1207
Ambrus;0719
Amélia;0104
Amelita;0816
Ametiszt;1026
Amilla;0128
Amina;0831
Aminta;0130
Amira;0831
Ámon;0114
Ámor;0206
Ámos;0114
Amrita;1207
Anada;0726
Anaisz;0310
Anasztáz;0106
Anasztázia;0310
Anatol;0703
Anatólia;0703
Ancilla;0325
Anda;0219
Andelin;0127
Andelina;0127
Anderz;0204
Andor;0517
Andorás;0204
Andorjás;0204
Andos;0204
András;0204
André;0204
Andrea;0204
Androméda;0204
Anélia;0726
Anelma;1202
Anéta;0613
Anett;0613
Anetta;0613
Anettka;0613
Angéla;0104
Angelika;0127
Angelina;0721
Angelus;0505
Angelusz;0505
Angyal;0104
Angyalka;0104
Ángyán;0425
Anica;0726
Anicét;0417
Anics;0308
Aniella;0726
Anika;0726
Anikó;0726
Anilla;0701
Anina;0726
Anissza;0121
Anita;0602
Anitra;0726
Anízia;1230
Aníziusz;1230
Anka;0726
Anna;0219
Annabell;0609
Annabella;0609
Annaliza;0708
Annamari;0609
Annamária;0609
Annarita;0522
Annavera;0609
Anne;0726
Anneli;0726
Anni;0726
Annunciáta;0325
Antal;0117
Antea;0227
Antigon;0223
Antigoné;0227
Anton;0117
Antonella;0503
Antónia;0117
Antoniett;0228
Antonietta;0228
Antos;0117
Anzelm;0421
Anzelma;0421
Ányos;0425
Apol;0128
Apolka;0128
Apollinár;0108
Apollinária;0108
Apolló;0308
Apollónia;0128
Apor;0202
Aporka;0202
Apostol;0125
Appia;0323
Áprilka;0323
Apród;1228
Arabella;0313
Aracs;0308
Arad;0308
Aramisz;0308
Aranka;0208
Arany;0616
Archibald;0327
Ardó;0112
Arétász;1024
Ariadna;0607
Ariadné;0607
Arián;0304
Arianna;0607
Ariel;0411
Ariéla;0411
Ariella;0411
Arienn;0607
Arietta;0411
Arika;0817
Arikán;0817
Arina;0208
Arion;0203
Árisz;0427
Arisztid;0427
Arita;0313
Ariton;0203
Arkád;0112
Árkád;0112
Árkos;0112
Arlen;0411
Arlett;0411
Arló;0808
Armand;0407
Armanda;0407
Armandina;0407
Armida;0914
Armilla;0914
Ármin;0407
Ármina;0602
Árnika;0417
Arnó;0618
Arnold;0618
Arnolda;0708
Arnót;0618
Arnwald;0618
Áron;0402
Árpád;0105
Árpádina;1211
Arszák;0303
Arszlán;0623
Artemisz;0122
Artemízia;0122
Artemon;1020
Artúr;0107
Árvácska;0505
Arvéd;0313
Árven;0823
Arvid;0313
Arzén;0719
Arzénia;0719
Aser;1216
Asma;0417
Asszunta;0407
Aszpázia;0102
Aszter;0117
Asztéria;0810
Asztrid;1112
Asztrik;1112
Ata;1111
Atád;1111
Atala;0415
Atalanta;0310
Atália;1203
Atanáz;0502
Atanázia;0814
Aténa;0118
Aténé;0118
Athena;0118
Atika;1203
Atilla;0107
Atina;0118
Atlasz;0406
Atos;0310
Attila;0107
Auguszta;0327
Augusztina;0327
Augusztusz;0803
Aura;0719
Aurea;0719
Aurél;0115
Aurélia;0719
Aurélián;0616
Auróra;1004
Avarka;1105
Avenár;0730
Axel;0302
Azálea;1224
Azár;0320
Azucséna;0407
Azurea;0619
Babett;0704
Babetta;0704
Babiána;1204
Babita;1204
Bács;0110
Bacsó;0110
Bagamér;0208
Bagita;0525
Baján;0424
Bajcsa;0424
Bajka;0424
Bajnok;0304
Bakács;1007
Baksa;0329
Bakta;0329
Balabán;0323
Balambér;0126
Balár;0124
Balázs;0203
Balbina;0331
Balda;0227
Baldó;0227
Baldvin;0412
Bálint;0107
Balló;0611
Balmaz;0203
Baltazár;0106
Balzsam;0406
Bán;0212
Bandó;0707
Bánk;0319
Bános;0124
Barabás;0611
Baracs;0329
Barakon;0813
Barakony;0813
Barancs;0329
Baranka;0121
Barbara;1204
Barbarella;1204
Bardó;0610
Barlám;1119
Barna;0611
Barnabás;0611
Barót;0715
Bars;0130
Bársonyka;0525
Barsz;0130
Barta;0824
Bartal;0824
Bartó;0824
Barton;0824
Bartos;0824
Báruk;0824
Bató;0617
Bátony;0126
Bátor;0227
Batu;0617
Batus;0617
Baucisz;1204
Bazil;0101
Bazsó;0102
Bea;0729
Beáta;0308
Beatrix;0118
Bebóra;0424
Becse;0424
Béda;0605
Bedecs;0525
Bedő;0525
Begónia;0907
Béke;0605
Bekény;0514
Bekes;0514
Békés;0514
Bekő;0321
Béla;0413
Belián;0513
Belinda;0813
Belizár;1217
Bella;0831
Ben;0103
Benáta;0104
Bence;0321
Bende;0321
Bendegúz;0507
Bene;0321
Benedek;0321
Benedetta;0104
Benedikta;0104
Benediktusz;0321
Beneditta;0104
Benett;0321
Béni;0331
Benigna;0620
Benignusz;0213
Benita;0104
Benjámin;0103
Benjamina;0331
Benke;1101
Benkő;0116
Bennó;0616
Benő;0331
Benvenútó;0715
Bercel;0329
Bere;0814
Berec;0603
Berend;1203
Berengár;0526
Bereniké;0204
Berény;1006
Berill;0726
Beriszló;1214
Bernadett;0218
Bernadetta;0218
Bernárd;0520
Bernarda;0416
Bernardina;0416
Bernát;0520
Berta;0501
Bertalan;0824
Bertilla;1105
Bertina;0905
Bertold;0102
Bertolda;0329
Bertram;0123
Berzsián;0824
Bese;0630
Béta;1119
Beten;0727
Betsabé;1119
Betta;0704
Betti;0704
Bettina;0704
Bianka;0810
Bibiána;1202
Bíbor;0406
Bíbora;0406
Bíboranna;0406
Bíborka;0406
Birgit;0201
Biri;1204
Blandina;0510
Blanka;0810
Blazsena;0203
Blondina;1201
Boáz;0522
Bocsárd;0625
Bod;0528
Bodó;0102
Bódog;0114
Bodomér;1221
Bodony;0830
Bodor;1004
Bogárka;0522
Bogát;0915
Bogáta;0915
Bogdán;0902
Bogdána;0522
Boglár;0801
Boglárka;0801
Bogumil;0607
Boján;0424
Bojána;0424
Bojta;0424
Bojtorján;0424
Bolda;0829
Boldizsár;0106
Boleszláv;1214
Bolivár;0218
Bolyk;1012
Bonaventúra;0714
Bonifác;0424
Bónis;0424
Bonita;1201
Bonnie;1201
Bora;1204
Bóra;1204
Borbála;1204
Borbás;0219
Borbolya;0311
Bori;1204
Boris;1204
Boriska;1204
Borisz;0502
Borka;1204
Borocs;0502
Boróka;1204
Borostyán;0311
Boroszló;1214
Bors;0112
Borsa;0112
Borsika;0311
Botár;0127
Botond;0516
Bottyán;0125
Bozsena;0211
Bozsidár;1109
Bozsó;1109
Bozsóka;0715
Bökény;1229
Böngér;0512
Brendon;0707
Brigitta;0201
Brunhilda;1117
Brúnó;0202
Brútusz;0202
Brünhild;1117
Buda;0219
Budamér;0219
Bulcsú;0428
Burcse;0915
Buzád;0430
Buzát;0430
Cecil;0416
Cecília;0603
Cecilián;0416
Cecilla;1122
Celerina;0203
Celeszta;0406
Celesztin;0406
Celesztina;0406
Célia;0603
Celina;0717
Cettina;0717
Cézár;0112
Cezarin;0112
Cezarina;0112
Cicelle;0603
Ciceró;0209
Ciklámen;1126
Cilla;0603
Cinella;0201
Cinna;0201
Cinnia;0201
Cintia;0122
Cipora;0705
Cippóra;0705
Ciprián;0916
Cipriána;0705
Ciprienn;0705
Cirill;0209
Cirilla;0705
Cirják;0316
Cirjék;0316
Círus;0131
Citta;0122
Csaba;0412
Csák;0320
Csanád;0412
Csát;0406
Csatád;0525
Csatár;0708
Csató;0708
Csege;0715
Csegő;0715
Cseke;0826
Csekő;0826
Csende;0711
Csendike;0711
Csenge;0204
Csengele;0204
Csenger;1107
Csépán;0816
Csepel;0524
Cseperke;0301
Csepke;0301
Cserjén;1025
Cserne;0510
Csikó;0131
Csilla;0322
Csillag;0322
Csinszka;0203
Csiperke;0301
Csobád;0412
Csobán;0806
Csobánka;0806
Csobilla;0806
Csolt;0308
Csoma;0101
Csombor;0101
Csomor;0101
Csongor;0113
Csöre;1119
Csörsz;0131
Dafna;1025
Dafné;1025
Dagobert;1223
Dagomér;1223
Dakó;0301
Dalbert;1223
Dalia;0105
Dália;1025
Dalibor;0725
Dalida;0721
Dalma;0507
Dalton;0105
Damarisz;1004
Damáz;1211
Damján;0926
Damos;0926
Dana;0721
Dániel;0116
Daniéla;0721
Daniella;0721
Danila;0721
Daniló;0216
Dános;0216
Danuta;0721
Dára;0224
Dária;1025
Darina;0224
Darinka;0224
Dárió;1025
Dárius;1025
Darrell;0216
Dávid;0301
Dea;0620
Debóra;0424
Décse;0225
Dejte;0420
Deli;0105
Délia;0122
Délibáb;0825
Delila;1209
Delinke;1110
Deme;1008
Demény;0428
Demeter;1008
Demetria;0621
Demjén;0926
Dénes;0406
Deniel;0721
Denissza;0515
Deniza;0515
Denton;0926
Denver;0521
Deodát;0619
Deodáta;0620
Ders;0325
Derzs;0325
Dés;0523
Detre;0701
Detti;0218
Deva;0708
Dévald;0521
Dezdemóna;0618
Dézi;0523
Dezideráta;0508
Dezsér;0211
Dezsider;0211
Dezső;0211
Diána;0609
Dienes;0406
Diké;1001
Dina;0620
Dioméd;0329
Dionízia;0515
Ditmár;0102
Ditta;0506
Ditte;0206
Dókus;0301
Dolli;0206
Dolóresz;0618
Doloróza;0618
Domán;0309
Domicella;0512
Domicián;0507
Dominik;0309
Dominika;0706
Dominka;0706
Domitilla;0507
Domokos;0309
Domonkos;0309
Domos;0309
Donald;0209
Donát;0217
Donáta;0707
Donatella;0730
Donátó;0217
Donna;0730
Dóra;0206
Dórabella;0206
Doren;0206
Dorián;0122
Dorina;0902
Dorinka;0206
Dorisz;0428
Dorit;0206
Dorka;0206
Dorkás;0206
Dormán;0122
Dorotea;0206
Doroti;0206
Dorottya;0206
Dózsa;0301
Döme;0804
Dömjén;0926
Dömös;0804
Dömötör;0409
Döníz;0515
Dukász;0519
Dulcinea;0513
Dumáta;0326
Dusán;0326
Dusánka;0326
Dzamilla;0530
Dzsamila;0530
Dzsenet;0530
Dzsenifer;0103
Dzsenifer;0106
Dzsenna;0103
Dzsenni;0103
Dzsesszika;0717
Dzsulietta;0721
Ében;0105
Éda;1213
Edbert;0312
Edda;1213
Ede;0105
Edentina;0226
Edgár;0708
Edina;0226
Edit;0916
Edmond;1116
Edmunda;1116
Edna;0226
Edömér;0114
Édua;0310
Eduárd;0318
Edvárd;0318
Edvarda;0318
Edvin;1004
Edvina;1004
Effi;0208
Efraim;0128
Egbert;0312
Egberta;0424
Egmont;0424
Egon;0423
Egyed;0217
Eija;0219
Elek;0112
Elektra;0315
Elemér;0220
Elen;0731
Elena;0731
Eleni;0731
Eleonóra;0221
Életke;1104
Elfrida;0208
Elga;0608
Eliána;0216
Éliás;0216
Eliél;0216
Elígiusz;1201
Elin;0731
Elina;0721
Eliot;0216
Eliz;0506
Eliza;0219
Elizabet;0219
Elizeus;0614
Elke;0205
Ella;0210
Ellák;0105
Elli;0210
Ellina;0107
Elma;0504
Elmár;0529
Elmira;0309
Elmó;0729
Előd;0609
Elton;0216
Elvira;0210
Elza;1201
Emánuel;0326
Emanuéla;0326
Emerencia;0123
Emerita;0914
Emerka;0123
Emese;0123
Emil;0310
Emili;0105
Emília;0105
Emilián;0310
Emiliána;0105
Emma;0419
Emmi;0419
Emő;0323
Emőd;0217
Emőke;0323
Enciána;0609
Encsi;0416
Endre;0717
Ené;1113
Éne;1113
Éneás;0227
Enéh;1113
Enese;1113
Enet;1113
Engelbert;0710
Engelhard;0312
Eni;0416
Enid;0813
Enikő;0416
Enna;0908
Énok;0607
Énók;0607
Enőke;0915
Enzó;0721
Eperke;0708
Epifánia;0106
Eponin;0216
Erátó;0212
Erazmus;0602
Erhard;0108
Erik;0124
Erika;0124
Erina;0628
Ermelinda;1029
Erna;0112
Ernák;0325
Ernella;0112
Erneszt;0112
Erneszta;0112
Ernesztin;0112
Ernesztina;0112
Ernő;0112
Ernye;0325
Erős;0209
Ervin;0425
Ervina;0425
Ervínia;0425
Erzsébet;0704
Estella;0614
Estilla;0708
Eszmeralda;0316
Esztellia;0714
Eszténa;0715
Eszter;0524
Eta;0129
Ete;0801
Etel;0224
Etele;0107
Etelka;0129
Etre;0310
Eudoxia;0301
Eufémia;0618
Eufrozina;0101
Eugén;0602
Eugénia;0916
Eulália;0212
Eunika;0224
Euniké;0224
Euridiké;1001
Euszták;0414
Eutim;0120
Eutímia;0503
Euzébia;0316
Éva;1224
Évald;0707
Evangelina;0526
Evariszt;1026
Evelin;0526
Everard;0425
Evetke;0506
Evica;1224
Evila;1224
Evita;1224
Evódia;0618
Ezékiel;0410
Ézsaiás;0706
Fabia;0120
Fábián;0120
Fabiána;0120
Fábió;0511
Fabióla;1227
Fábiusz;0511
Fabó;0120
Fabrícia;1227
Fabríció;0511
Fabrícius;0511
Fabríciusz;0511
Fajsz;0823
Fáni;0102
Fanni;0102
Farkas;0823
Fáta;0223
Fatima;0513
Fatime;0513
Fausztia;0118
Fausztina;0118
Fausztusz;0215
Federika;0506
Fedor;0712
Fedóra;0428
Fédra;0501
Fehéra;0509
Fehérke;0509
Felda;0501
Felícia;0520
Felicián;0609
Feliciána;0609
Felicita;0306
Felicitás;0306
Felicitász;0306
Félix;0114
Feodóra;0428
Ferdinánd;0530
Ferdinanda;0530
Ferenc;0124
Fernanda;0530
Fernandó;0530
Fiametta;0201
Fidél;0424
Fidélia;0424
Filadelfia;0103
Filemon;0308
Filibert;0820
Filip;0216
Filippa;0216
Fillisz;0621
Filoméla;0811
Filomén;0811
Filoména;0811
Filotea;1105
Fióna;0811
Fiorella;0729
Fioretta;0729
Flamina;1005
Flanna;1005
Flávia;1005
Flavián;0218
Flávió;0218
Fláviusz;0218
Flóra;0729
Floransz;0620
Florencia;0620
Florentin;0927
Florentina;0620
Flórián;0504
Florianna;0501
Florica;0729
Florin;0504
Florina;0501
Florinda;0729
Flóris;0504
Fodor;0801
Folkus;0617
Fóris;0504
Fortuna;0423
Fortunát;0601
Fortunáta;0423
Főbe;0609
Franciska;0309
Frank;1004
Frederik;0303
Fremont;1004
Frida;0506
Friderika;0506
Fridolin;0306
Frigyes;0303
Frodó;0306
Fruzsina;0101
Fulvia;0410
Fülöp;0216
Fürtike;0515
Füzike;0213
Gábor;0227
Gabos;0227
Gábriel;0227
Gabriella;1212
Gajána;0119
Gál;1016
Galamb;0520
Galatea;0419
Galina;1005
Gallusz;1016
Gálos;1016
Gamáliel;0131
Gara;0206
Gardénia;0510
Garfield;0419
Gáspár;0105
Gaszton;0424
Gazsó;0105
Gécsa;0225
Gede;0328
Gedeon;0328
Gedő;0328
Gejza;0508
Gellén;0708
Gellért;0130
Gemella;0602
Geminián;0131
Gemma;0411
Génia;0916
Genovéva;0103
Georgina;0215
Geraszim;0305
Gerda;0130
Geréb;0316
Gereben;0316
Gergely;0102
Gergő;1117
Gerhárd;0130
Gerjén;1009
Gerle;0329
Germán;0221
Gerold;0419
Gerő;0102
Gertrúd;0317
Gerváz;0619
Gerzson;0222
Géza;0225
Gibárt;0615
Gida;0328
Gilbert;0204
Gilberta;1024
Gilda;0419
Gilgames;1024
Gina;0215
Girót;0419
Giszmunda;0924
Gitta;0201
Giza;0507
Gizella;0507
Glenda;0411
Glenn;0328
Glenna;0411
Glória;0411
Gobert;0126
Godiva;0411
Godó;0116
Godvin;0524
Golda;0719
Goldi;0719
Goldina;0719
Gordána;0510
Gordon;0510
Gorgiás;0909
Gotárd;0504
Gotfrid;0113
Gothárd;0504
Gotlib;0306
Grácia;0613
Gracián;0601
Graciána;0601
Graciella;0601
Gréta;0610
Gréte;0222
Grétea;0128
Grizelda;0924
Grizeldisz;0924
Gujdó;0112
Gunda;0303
Gusztáv;0116
Günter;1009
Gvendolin;0103
Gyárfás;0619
Gyécsa;0225
Gyémánt;0719
Gyenes;1202
Gyoma;1020
Gyopár;0301
Gyopárka;0301
Gyöngy;0118
Gyöngyi;0505
Gyöngyike;0514
Gyöngyvér;0103
Gyöngyvirág;0424
Györe;0215
György;0215
Györgyi;0215
Györgyike;0215
Györk;0215
Györke;0215
Győző;0226
Gyula;0128
Habilán;0410
Hadúr;0703
Hágár;0809
Hajna;0709
Hajnácska;0425
Hajnal;0327
Hajnalka;0327
Hamilkár;1112
Hamilton;1112
Hamlet;0316
Hanga;0209
Hanka;0524
Hanna;0520
Hannadóra;0328
Hannaliza;0328
Hannaróza;0328
Hannibál;0516
Hannó;0813
Harald;1024
Haralda;0803
Hargita;0805
Harim;0210
Harkány;0906
Hárkány;0906
Harlám;0210
Harmat;0803
Harmatka;0803
Harri;0302
Harriet;0125
Hartvig;0614
Hasszán;0223
Havaska;0805
Hedda;0224
Hédi;0224
Hedvig;0224
Heidi;0205
Hektor;0628
Héla;0423
Helén;0721
Heléna;0731
Helga;0711
Heliodor;0603
Héliosz;0603
Helka;0711
Hella;0423
Helma;0608
Helmut;0316
Helza;0608
Hendrik;0116
Henriett;0125
Henrietta;0125
Henrik;0116
Héra;0624
Herald;1024
Herbert;0316
Herkules;0714
Herman;0407
Hermész;0828
Hermia;0828
Hermiás;0628
Hermina;0103
Hermiusz;0628
Herold;1024
Herta;0614
Hetény;0817
Hiacinta;0130
Hiador;0703
Hilár;0114
Hilária;0812
Hilárion;0114
Hiláriusz;0114
Hilda;0430
Hildegárd;0917
Hildelita;0430
Hilka;1117
Hilmár;0113
Hippia;0813
Hippolit;0813
Hippolita;0813
Hirám;0113
Hódos;1108
Hófehérke;0509
Holda;0430
Holló;0204
Honóra;0910
Honorát;0116
Honoráta;0111
Honorátusz;0116
Honória;0910
Honorina;0910
Honóriusz;0116
Hont;0109
Horác;0503
Horácia;0622
Horka;0906
Hortenzia;0601
Hóvirág;0321
Huba;0819
Hubert;0320
Huberta;0320
Hubertusz;0320
Hugó;0401
Hulda;0430
Humbert;0325
Hunor;0424
Hümér;0424
Ibolya;0807
Ibrahim;0615
Ibrány;1009
Ida;0313
Iduna;0505
Ifigénia;0921
Ignác;0201
Ignácia;0731
Igor;0911
Ila;0423
Ilárion;0114
Ildefonz;0123
Ildikó;0310
Ilián;1003
Iliász;1121
Ilka;0423
Illa;0423
Illangó;0818
Illés;0216
Ilma;0418
Ilmár;0228
Ilon;0423
Ilona;0423
Ilonka;0423
Ilus;0423
Ilze;1119
Imbert;0115
Imelda;0513
Immakuláta;1208
Immánuel;0326
Imodzsen;0201
Imogén;0201
Imola;0513
Imre;1105
Ince;0108
Indira;0403
Indra;0713
Inez;0121
Inge;0730
Ingeborg;0730
Ingrid;0205
Inka;0730
Innocencia;0201
Ipoly;0310
Ippolita;0813
Irén;0325
Iréne;0325
Iréneusz;0628
Irina;0505
Iringó;0628
Írisz;0325
Irma;0303
Irnik;0325
Isméria;0325
István;0803
Itala;0115
Iván;0624
Ivána;0512
Ivett;0113
Ivetta;0113
Ivica;0512
Ividő;0615
Ivó;0519
Ivola;0503
Ivonn;0519
Ivor;0907
Ixion;0328
Iza;0708
Izabel;0104
Izabell;0104
Izabella;0104
Izaiás;0706
Izaura;0501
Izidor;0116
Izidóra;0511
Izmael;0425
Izméne;0325
Izolda;0615
Izor;0116
Izóra;0501
Izrael;0203
Izsák;0515
Izsó;0826
Jácint;0817
Jácinta;0130
Jáde;0909
Jáfet;0205
Jagelló;1013
Jáhel;0208
Jakab;0501
Jákó;0501
Jákob;0501
Jakobina;0208
Jakus;0501
Jamina;0524
Jana;0524
Janek;0123
Janina;0116
Janka;0204
János;0123
Január;0710
Járed;0501
Járfás;0619
Jarmila;0314
Jáson;0321
Jávor;0619
Jávorka;0224
Jázmin;0224
Jázon;0321
Jefte;0501
Jelek;0331
Jelena;0818
Jelka;0818
Jella;0324
Jenni;0530
Jenő;0602
Jente;0530
Jeremi;0501
Jeremiás;0501
Jermák;0828
Jerne;0628
Jernő;0325
Jeromos;0208
Jeronima;0930
Jerta;0813
Jetta;0316
Jetti;0316
Joáb;0510
Joachim;0320
Joáhim;0320
Joakim;0320
Jób;0510
Joel;1019
Johanna;0202
Jolán;0615
Jolanda;0615
Jolánta;0615
Jónás;0329
Jonatán;0824
Jonka;0615
Jordán;0213
Jordána;0213
Jósiás;0216
Jótám;0213
Jována;0215
Jozafát;0916
Jozefa;0214
Jozefin;0214
Jozefina;0214
Józsa;0319
József;0317
Józsiás;0216
Józsua;0622
Józsué;0622
Júda;0901
Judit;0113
Jukundusz;0108
Júlia;0408
Julián;0109
Juliána;0216
Julianna;0216
Juliánusz;0109
Julietta;0721
Julilla;0408
Julinka;0216
Juliska;0216
Julitta;0408
Júliusz;0109
Júnó;0206
Jusztián;0414
Jusztin;0414
Jusztina;0616
Jusztínia;0616
Jusztusz;0714
Jutas;0108
Jutka;0113
Jutocsa;0108
Jutta;0505
Juvenál;0503
Kaba;0219
Kabos;0219
Kada;0204
Kadicsa;0310
Kadocsa;0310
Kadosa;0310
Káin;0310
Kajetán;0807
Kájusz;0205
Kál;1108
Kála;0801
Káldor;0519
Káleb;1013
Kalipszó;0608
Kalliopé;0608
Kalliszta;0206
Kálmán;1013
Kámea;0303
Kamélia;0803
Kamill;0714
Kamilla;0303
Kamilló;0714
Kán;0310
Kandid;0310
Kandida;0310
Kanut;0119
Kapisztrán;0328
Kaplon;0112
Kaplony;0112
Kapolcs;0324
Kara;0116
Karácson;0513
Karád;0116
Karcsa;0116
Kardos;0103
Karen;0324
Karin;0324
Karina;0324
Karion;0112
Karitász;0703
Karla;0509
Kármán;0817
Karméla;0716
Karmelina;0716
Kármen;0602
Kármin;0716
Karola;0128
Karolin;0509
Karolina;0202
Karolt;0509
Károly;0128
Karsa;0116
Kartal;0323
Kasszandra;0206
Kasszián;0813
Kászon;0424
Kasztor;0707
Kata;0430
Katalin;0213
Katapán;0328
Katarina;0213
Katerina;0213
Kati;1125
Katica;0213
Katinka;0213
Kató;0213
Katrin;0309
Kazimír;0304
Kázmér;0304
Keled;0315
Kelemen;0315
Kelemér;0315
Kelen;0315
Kelli;0708
Kelvin;0603
Kemenes;0821
Kende;0901
Kendra;0803
Kenese;0215
Kenéz;0119
Kerecsen;1205
Kerény;0404
Keresztély;0403
Keresztes;0403
Kerubina;0604
Késa;0507
Keszi;0112
Kesző;0112
Ketel;0112
Keve;0629
Kevin;0603
Kiara;0417
Kilény;0708
Kilián;0708
Kiliána;0708
Kimberli;0803
Kincső;0201
Kinga;0724
Kira;0707
Kiri;0724
Kirill;0209
Kirilla;0803
Kisanna;0726
Kisó;0726
Kitti;0430
Klára;0417
Klarissza;0115
Klarisz;0115
Klaudetta;0320
Klaudia;0320
Klaudiána;0320
Klaudiusz;0606
Klélia;1123
Klemencia;1123
Klementin;1123
Klementina;1021
Kleofás;0925
Kleon;0925
Kleopátra;0801
Klétus;0426
Klió;0925
Kloé;0621
Klotild;0603
Kocsárd;0419
Kolett;0306
Koletta;0306
Kolomba;0520
Kolombina;0520
Kolos;0205
Kolozs;0205
Kolta;1206
Kolumbán;1121
Kolumbusz;0609
Konkordia;0101
Konor;0214
Konrád;0214
Konstancia;0218
Konstantin;0311
Konstantina;0311
Kont;0716
Koppány;0620
Kora;0512
Korália;0512
Korall;0512
Kordélia;1022
Koridon;0510
Korina;1022
Korinna;1022
Koriolán;0306
Kornél;0303
Kornélia;0303
Korvin;0206
Kósa;0907
Kozett;0306
Kozima;0926
Kozma;0926
Kökény;0801
Kötöny;0320
Kövecs;0108
Kreola;0405
Kreszcencia;0405
Kristóf;0315
Kriszta;0622
Krisztabell;0622
Krisztián;0313
Krisztiána;0622
Krisztin;0622
Krisztina;0622
Krisztofer;0315
Krizanta;1014
Krizosztom;0127
Krizsán;0127
Kund;0529
Kunigunda;0303
Kunó;0219
Kurd;0823
Kurszán;1124
Kurt;0214
Küllikki;1208
Kürt;0214
Laborc;0723
Ladiszla;0627
Ladomér;0715
Lajos;0819
Lambert;0416
Lamberta;0416
Lana;0509
Lándor;0222
Lantos;0227
Lara;0326
Larcia;1004
Larina;0812
Larion;0114
Larissza;0326
Lartia;1004
László;0227
Latinka;1004
Laura;0617
Laurencia;0628
Laurent;0114
Lauretta;0617
Lavínia;0414
Lázár;0223
Lázó;0223
Lea;0322
Leander;0222
Léda;0205
Lehel;0326
Leila;0213
Leilani;0501
Lejla;0213
Lél;0302
Léla;0213
Lelle;1016
Léna;0721
Lénárd;1106
Lenke;0722
Lenóra;0221
Leó;0218
Leon;0218
Leona;0104
Leonárd;1106
Leonarda;1106
Leonárdó;1106
Leonetta;0117
Leonidász;0422
Leonóra;0221
Leontina;0301
Leonyid;1106
Leopold;1115
Leopolda;1115
Leopoldina;1115
Lestár;0329
Letícia;0812
Létó;0812
Letta;0503
Letti;0812
Levéd;0618
Levedi;0618
Levendula;0618
Levente;0213
Lévi;0402
Lia;0322
Liána;0619
Liberátusz;1230
Libériusz;1230
Libor;1230
Libóriusz;1230
Lícia;0606
Lida;0212
Lídia;0212
Lígia;0327
Lili;0711
Lilian;0711
Liliána;0727
Lilianna;0727
Lilibella;0727
Lilien;0727
Liliom;0727
Liliróza;0711
Lilla;0212
Lina;0923
Linda;0213
Linett;0923
Linetta;0923
Lionel;0218
Lipót;0722
Lívia;0212
Liviána;0212
Livianna;0212
Líviusz;0923
Liza;0708
Lizander;0313
Lizandra;0118
Lizavéta;1119
Lizett;1119
Lizetta;1119
Lola;0915
Lolita;0915
Lolli;0915
Lora;0628
Loránd;0115
Lóránt;0115
Lorella;0628
Loréna;1008
Lorett;0617
Loretta;1210
Lorin;1008
Lorina;1008
Lotár;0127
Lotti;0717
Lőrinc;0721
Luca;1213
Lúcia;0325
Lucián;0107
Luciána;0107
Lucilla;0727
Lúciusz;0304
Ludmilla;0916
Ludovika;0131
Lujza;0131
Lukács;0217
Lukrécia;0315
Lulu;0131
Mábel;0611
Mabella;0611
Madlen;0525
Madléna;0525
Magda;0525
Magdaléna;0525
Magdó;0525
Magdolna;0525
Magnólia;0801
Magnusz;0906
Magor;1008
Mahália;0525
Maja;0328
Majlát;0511
Majoranna;0801
Makabeus;0801
Makár;0102
Malakiás;0114
Málna;0325
Malvin;0419
Malvina;0419
Mályva;0511
Manassé;0128
Manda;0206
Mandel;0326
Mandula;0325
Manfréd;0128
Manfréda;0128
Manga;0906
Manna;0407
Manó;0326
Manon;0805
Manszvét;0219
Manszvéta;0219
Mantira;1223
Mánuel;0326
Manuéla;0326
Manuella;0326
Manyi;0123
Mara;0426
Marcell;0109
Marcella;0131
Marcellina;0717
Marcián;0209
3;0630
Maréza;0123
Margarét;0720
Margaréta;0720
Margarita;0720
Margit;0118
Margita;0118
Margitta;0118
Margó;0118
Mari;0123
Mária;0123
Marián;0209
Mariann;0427
Marianna;0427
Marica;0722
Mariella;0123
Marietta;0211
Marilla;0921
Marina;0709
Marinella;0325
Marinetta;0709
Marinka;0123
Marinusz;0303
Márió;0119
Marion;0123
Marióra;0123
Mariska;0123
Marita;0529
Máriusz;0119
Márk;0425
Markó;0618
Márkó;0618
Márkus;0425
Marléne;0525
Marót;0327
Marsall;0109
Márta;0119
Martin;0413
Martina;0130
Martinella;0130
Martinka;0130
Márton;1111
Martos;0413
Masa;0123
Máté;0921
Matild;0314
Matilda;0314
Mátka;0325
Mátyás;0224
Maura;0213
Maurícia;0922
Maxim;0414
Maxima;0326
Maximilián;0312
Maximilla;0625
Méda;0608
Medárd;0608
Medárda;0608
Médea;0515
Médi;0722
Medox;1026
Megán;0820
Megara;0525
Megyer;0417
Melani;0107
Melánia;0107
Melchior;0106
Melhior;0106
Melina;0710
Melinda;1029
Melióra;0424
Melissza;0310
Melitta;0310
Melizand;0915
Melodi;0529
Melódia;0529
Meluzina;0915
Ménás;1111
Mendel;0326
Mendi;0206
Menodóra;0206
Ménrót;0428
Menta;0814
Menyhért;0106
Méráb;0921
Mercédesz;0924
Meredisz;0924
Merima;0505
Merse;0822
Méta;0314
Metella;0124
Metód;0214
Metta;0314
Mia;0702
Miett;0702
Mietta;0702
Mihaéla;0619
Mihály;0508
Mike;0115
Mikeás;0115
Mikes;0929
Miklós;0321
Mikó;0619
Mikolt;0910
Miksa;0312
Milán;0519
Milda;0713
Milenka;0124
Miletta;0706
Milica;0916
Milka;0718
Milla;0718
Milli;0123
Milos;1126
Milton;0519
Mimi;0123
Mimóza;0828
Mína;0413
Mínea;1224
Minerva;0502
Minka;0413
Minna;0413
Minni;0413
Minóna;0413
Mira;0510
Mirabel;0927
Mirabella;0927
Miranda;0510
Mirandella;0511
Mirandola;0511
Mirella;0521
Miretta;0510
Miriam;0123
Mirjam;0123
Mirjána;0822
Mirka;0413
Mirkó;0303
Miron;1210
Mirtill;0223
Misa;0312
Modeszta;0205
Modesztusz;0205
Moira;0123
Molli;0123
Móna;0831
Mónika;0504
Montika;0814
Mór;0115
Morella;0706
Morgan;0609
Morgána;0626
Móric;0115
Mózes;0516
Muriel;0904
Musztafa;0216
Múzsa;0402
Nadin;0801
Nadinka;0801
Nádja;0801
Nanda;0530
Nandin;0530
Nándor;0530
Nanett;0726
Nanetta;0726
Naómi;0422
Napóleon;0507
Napsugár;0321
Narcissza;0318
Narcisszusz;0318
Nárcisz;0318
Násfa;0512
Nasztázia;0310
Natali;0727
Natália;0727
Nátán;1109
Nátánael;1109
Nátániel;1109
Natasa;0727
Nauzika;0728
Nedda;0706
Nefelejcs;0417
Nella;0711
Nelli;0711
Nemere;1219
Némó;0412
Nepomuk;0516
Nerella;0512
Nerina;0512
Néró;0226
Neste;0310
Neszta;0415
Nesztor;0226
Netta;0613
Netti;0613
Nétus;0502
Nétusz;0502
Nikander;0617
Niké;0425
Nikétás;0107
Nikkó;0707
Nikodémia;0327
Nikodémusz;0327
Nikol;0321
Nikola;0321
Nikolasz;0321
Nikolett;0321
Nikoletta;0321
Nilla;0531
Nimfa;1110
Nimród;0428
Nina;0726
Ninell;0726
Ninett;0701
Ninetta;0701
Ninon;0701
Noé;0422
Noel;0513
Noella;0727
Noémi;0422
Nola;0221
Nóna;0316
Nónusz;0316
Nóra;0221
Norbert;0606
Norberta;0606
Norina;0711
Norisz;0606
Norma;0413
Norman;0606
Norton;0606
Nyék;0505
Nyeste;0310
Obadiás;1119
Oberon;0126
Odett;0420
Odetta;0420
Odil;0420
Odília;0420
Odiló;0101
Odin;0323
Odisszeusz;0102
Odó;0704
Ódor;0704
Ofélia;0513
Oguz;1104
Oktáv;0322
Oktávia;0415
Oktávián;0322
Olaf;0729
Olavi;0729
Oldamur;0729
Olga;0621
Olimpia;1217
Olinda;0707
Oliva;0305
Olivér;0305
Olívia;0305
Omár;0909
Ompoly;0514
Ond;0717
Opika;0202
Orália;0419
Orbán;0525
Orbó;0629
Orchidea;0801
Oresztész;0114
Orfeusz;0227
Orgona;0130
Oriána;0607
Orion;0114
Orlandó;0715
Ormos;0204
Oros;0117
Orsi;1021
Orsika;1021
Orsolya;1021
Oszkár;0203
Oszlár;0203
Oszvald;0219
Oszvalda;0805
Otelló;0116
Otília;1213
Otmár;1116
Ottó;0116
Ottokár;0226
Ovídiusz;0506
Oxána;0124
Ozmin;0521
Ozor;0116
Ozsvát;0219
Ödön;1116
Örkény;0715
Örkönd;0715
Örs;0714
Örsi;0714
Örzse;1119
Örzsébet;1119
Őszike;0923
Őzike;0316
Özséb;0118
Pál;0115
Pálma;0510
Palmer;0115
Palmira;0510
Palóma;0520
Paméla;0601
Pamfil;0601
Pamína;0831
Pandóra;0601
Panka;0726
Panna;0726
Panni;0726
Pantaleon;0727
Páris;0317
Paszkál;0211
Paszkália;0211
Pasztorella;0517
Patony;0221
Patrícia;0313
Patrícius;0317
Patrik;0317
Paula;0126
Pauletta;0126
Paulin;0126
Paulina;0220
Pável;0115
Pázmán;0830
Pedró;0317
Peggi;0610
Pelágia;0609
Pelágiusz;0504
Pelbárt;0527
Pellegrin;0502
Pénelopé;0626
Penni;0726
Pentele;0727
Peónia;0501
Perdita;0531
Peregrina;0426
Perenna;0315
Periklész;0708
Perjámos;0528
Perpétua;0306
Péter;0125
Pető;0125
Petra;0629
Petres;0531
Petrina;0629
Petronella;0531
Petrónia;0531
Petróniusz;0531
Petúnia;0427
Petur;0317
Petúr;0317
Piládész;1209
Pilár;1012
Pilis;0323
Pintyőke;0427
Piramusz;0609
Pírea;0118
Piri;0118
Pirit;0118
Piros;0118
Piroska;0118
Piusz;0430
Placid;0711
Placida;0711
Platina;0404
Platon;0404
Polda;1115
Polett;0220
Polidor;0410
Pólika;0314
Polikárp;0126
Polina;0108
Polixéna;0730
Polla;0108
Polli;0802
Pompília;0715
Pompónia;1030
Pongor;0512
Pongrác;0512
Poppea;0427
Porfir;0226
Pósa;0115
Prímusz;0609
Priszcilla;0116
Prudencia;0703
Pszihé;0409
Rabán;0204
Ráchel;0204
Radamesz;0410
Radiszló;0417
Radó;0417
Radomér;0621
Rados;1107
Radován;1107
Radvány;1107
Rafael;0620
Rafaella;0620
Ráfis;0620
Ragnar;0525
Ráhel;0204
Rajmond;0107
Rajmonda;0831
Rajmund;0107
Rajmunda;0831
Rajnald;0112
Rákhel;0204
Rákis;0204
Ralf;0417
Ramón;0704
Ramóna;0107
Rápolt;1129
Rátold;1102
Raul;0417
Razmus;0602
Rázsoly;0417
Rázsony;0417
Rea;0907
Rebeka;0309
Rege;0907
Regina;0907
Reginald;0212
Regő;0605
Regölő;0831
Regős;0802
Regös;0803
Réka;0206
Relinda;0213
Rella;1015
Relli;1015
Remény;0801
Reményke;0801
Remig;1001
Rémus;1001
Rémusz;1001
Renáta;0522
Renátó;0902
Renátusz;0902
René/Reneé;0902
Réta;0709
Rex;0209
Rexana;0117
Rezeda;0517
Rézi;1015
Rézmán;0602
Rezső;0417
Ria;0716
Riana;0907
Richárd;0207
Rika;0925
Rikarda;0918
Rinaldó;0209
Rita;0522
Ritta;0522
Riza;0311
Róbert;0204
Roberta;0429
Robertin;0607
Robertina;0607
Robertó;0204
Robin;0204
Robina;0429
Robinetta;0429
Robinzon;0204
Rodelinda;0226
Roderik;0313
Rodion;1007
Rodrigó;0313
Rokkó;0816
Rókus;0816
Roland;0715
Rolf;0417
Román;0228
Romána;0223
Rómeó;0207
Romi;0904
Romina;0223
Romola;0706
Romuald;0207
Romulusz;0706
Romvald;0207
Ronald;0209
Ronalda;0204
Ronett;0204
Ronetta;0204
Rovéna;0730
Roxán;0117
Roxána;0117
Róza;0830
Rózabella;0823
Rozália;0904
Rozalinda;0117
Rózamari;0823
Rozamunda;0430
Rozanna;0914
Rozi;0904
Rozina;0313
Rozita;0830
Rozmarin;0430
Rozvita;0622
Rózsa;0823
Rózsi;0823
Röné;0523
Ruben;0406
Rubin;0710
Rubina;0710
Rubinka;0710
Rudolf;0417
Rudolfina;0417
Rufina;0710
Rúfusz;1121
Rupert;0307
Ruperta;0327
Ruszalka;0717
Ruszlán;0717
Ruszlána;0717
Rusztem;1009
Rut;0104
Ruzsinka;0101
Sába;0412
Salamon;0208
Salómé;0629
Salvador;0208
Sámson;0627
Samu;0216
Sámuel;0216
Samuella;0820
Sándor;0115
Santál;0821
Sára;0119
Sarah;0119
Sári;0119
Sarlott;0509
Sarolt;0702
Sarolta;0119
Sáron;0119
Saul;0125
Sebastian;0120
Sebes;0607
Sebestyén;0120
Sebő;0120
Sebők;0120
Sedékiás;0120
Seherezádé;0503
Seila;0603
Sejla;0603
Semjén;1008
Sharon;0119
Silás;0713
Simeon;0105
Simon;0105
Sion;0105
Skolasztika;0210
Solt;0313
Solymár;0925
Sólyom;0925
Som;0703
Soma;0703
Stecina;0126
Stefán;0803
Stefánia;0102
Stefi;0102
Stella;0508
Sudár;0315
Sudárka;0315
Sugár;0320
Sugárka;0320
Surány;0122
Surd;0122
Sükösd;0403
Szabella;0708
Szabin;0209
Szabina;0829
Szabolcs;0717
Szabrina;0829
Szaffi;0430
Szalárd;0717
Szaléz;0124
Szalók;0124
Szalóme;0629
Szalvátor;0318
Szalvia;0111
Szalviusz;1028
Szamanta;0206
Szamira;0226
Szandra;0318
Szani;0318
Szaniszló;0411
Szanna;0219
Szantána;0518
Szantina;0518
Szatmár;0411
Száva;0412
Szavanna;0412
Szavéta;0506
Szebáld;0819
Szebasztian;0120
Szecső;0301
Szederke;0711
Szegfű;0717
Szelemér;0208
Szelestény;0912
Szelim;0928
Szelina;1011
Szelli;0119
Szellő;0406
Szellőke;0406
Szemere;0223
Szemirámisz;0422
Szemőke;0718
Szende;0711
Szendi;0518
Szendike;0711
Szendile;0302
Szénia;0124
Szenta;0407
Szépa;0412
Szépe;0412
Szeráf;1012
Szerafin;1012
Szerafina;0908
Szeréna;0728
Szerénke;0728
Szerénusz;0628
Szerény;0914
Szergiusz;0908
Szervác;0513
Szevér;0108
Szeveréd;0215
Szeverin;0108
Szeverina;0108
Szibill;0312
Szibilla;0312
Szidi;0823
Szidónia;0823
Szidor;0115
Szigfrid;0215
Sziglind;0107
Szilamér;0620
Szilárd;0311
Szilárda;0919
Szilárdka;1214
Szilas;0713
Szilvána;0710
Szilvánusz;0206
Szilveszter;1126
Szilvesztra;1231
Szilvia;1103
Szilvió;1103
Szilviusz;1103
Szimóna;0524
Szimonett;0516
Szimonetta;0516
Szindbád;0725
Szindi;0122
Színes;0118
Szinta;0118
Szintia;0122
Szira;0816
Szirén;0122
Sziringa;0130
Szíriusz;0122
Szirka;0816
Szirom;0628
Szironka;0628
Szixtin;0328
Szixtina;0328
Szixtusz;0328
Szkilla;0615
Szofi;0430
Szófia;0430
Szofron;0311
Szofrónia;0311
Szókratész;1128
Szólát;0713
Szolón;0517
Szonja;0515
Szonóra;0531
Szórád;0713
Szoraja;0720
Szorina;0619
Szovát;0713
Szörénd;0108
Szörénke;0527
Szörény;0108
Szörényke;0527
Sztella;0614
Szulamit;0629
Szulejka;0109
Szulikó;0119
Szulita;0119
Szultána;0119
Szvetlána;0501
Tábita;0701
Tácia;0108
Taciána;0130
Tacitusz;0225
Taddeus;0124
Tádé;0124
Taksony;0406
Talabér;0725
Talabor;0725
Talamér;0105
Talbot;0725
Tália;0520
Talita;0422
Táltos;0105
Tamara;0126
Tamás;0128
Tanázia;0814
Tania;0422
Tankréd;0506
Tánya;0112
Taráz;0225
Tarcal;0225
Tarcsa;0225
Tardos;0910
Tarján;0811
Tárkány;0905
Tarsa;0225
Tarzícia;0815
Tarzíciusz;0815
Tas;0108
Tasziló;0111
Tatjána;0112
Tavasz;0321
Tavaszka;0321
Tea;0803
Ted;0902
Tege;0225
Tegza;1015
Tekla;0923
Telma;0923
Témisz;1221
Ténia;0503
Teó;0902
Teobald;0521
Teobalda;0521
Teodolinda;0122
Teodor;0816
Teodóra;0211
Teodózia;0402
Teofánia;0202
Teofil;0305
Teofila;0521
Teónia;0823
Tera;0311
Tercia;0416
Terensz;0207
Terestyén;0207
Teréz;0311
Tereza;0311
Teréza;0311
Terézia;0311
Teri;0311
Terka;0311
Tertullia;0429
Tessza;0311
Tétény;0501
Tétisz;0206
Tézeusz;0111
Thomasz;0128
Tibád;0521
Tibald;0521
Tibéria;0414
Tibold;0521
Tibor;0414
Tiborc;0414
Tícia;0811
Ticián;0126
Ticiána;0206
Tifani;0202
Tihamér;0426
Tikva;0314
Tilda;0314
Tilia;0314
Tilla;0314
Tímea;0120
Timon;0419
Timót;0124
Timótea;0822
Timóteus;0124
Timóteusz;0124
Timur;0725
Tina;0616
Tinett;0616
Tinetta;0616
Tinka;0622
Tira;0220
Tíra;0220
Tíria;0803
Tirza;0903
Tirzusz;1012
Titán;0206
Titánia;0126
Titanilla;0126
Tittína;0126
Titusz;0104
Tivadar;0420
Tóbia;0301
Tóbiás;0101
Tódor;0206
Tomaj;1002
Tomázia;0414
Tomazina;0414
Tomor;0725
Toni;0117
Torda;0601
Tordas;0627
Tordos;0627
Tormás;0326
Torna;0326
Torontál;0326
Toszka;0518
Töhötöm;0420
Tömör;1028
Törtel;0804
Trajánusz;0811
Trisztán;0207
Trixi;0118
Trudi;0317
Túlia;0222
Tulipán;0611
Tullia;0427
Tullió;0811
Turul;0326
Tuzson;0519
Tünde;0402
Tündér;0601
Tűzvirág;0729
Ubul;0307
Údó;0323
Ugocsa;0522
Ugod;0516
Ugor;0503
Ugron;0522
Ulászló;0127
Ulipán;0403
Ulisszesz;0102
Uljána;0522
Ulla;0508
Ulrik;0311
Ulrika;0806
Umbertó;0325
Upor;0515
Uránia;0528
Urbán;0401
Urbána;0525
Uriás;0114
Uriel;0114
Uros;0114
Ursula;1021
Urszula;1021
Urzulina;0407
Uzonka;0712
Uzor;0115
Üdvöske;0713
Üllő;0331
Vadony;0830
Vadvirág;0729
Vajk;0820
Vajta;0424
Valda;0126
Valdemár;0227
Valencia;0725
Valentin;0107
Valentina;0725
Valér;0129
Valéria;0428
Valérián;0129
Valter;0408
Vanda;0126
Vanessza;0524
Varínia;1204
Várkony;0702
Varsány;0719
Vásti;0524
Vaszília;0422
Vászoly;0102
Vata;0424
Vazul;0101
Vázsony;0119
Véda;0430
Vejke;0517
Velek;0928
Vélia;0428
Vella;0428
Velma;0428
Velmira;1009
Vencel;0928
Vendel;1020
Vendelina;1007
Vendi;0430
Vénusz;0602
Vera;0113
Verbéna;0709
Veréna;0722
Verita;0709
Verner;0418
Veron;0112
Verona;0112
Veronika;0112
Veronka;0112
Versény;0719
Veszta;0301
Véta;0524
Vetúria;0717
Via;0615
Viátor;0805
Vica;1224
Vid;0615
Vida;0615
Vidor;0113
Vidos;0115
Viki;1117
Viktor;0226
Viktória;1117
Viktorina;0126
Vilhelma;0528
Vilhelmina;0528
Viliam;0110
Vilibald;0707
Vilja;0827
Villő;0531
Vilma;0110
Vilmos;0110
Vince;0122
Vincencia;0127
Viola;0503
Violenta;0503
Violett;0503
Violetta;0503
Viorika;0503
Virág;0108
Virgil;0305
Virgília;0305
Virgínia;0201
Víta;0615
Vitália;0428
Vitális;0428
Vitéz;0428
Vitold;0428
Vitolda;0428
Vitus;0115
Viviána;1202
Vivianna;1202
Vivien;1202
Vladimír;0715
Vladiszláv;0715
Volfram;0320
Vulfia;0131
Vulkán;0519
Wágner;0522
Wagneríta;0522
Walter;0408
Xandra;0518
Xavér;1203
Xavéria;1203
Xénia;0124
Yvett;0113
Zádor;0316
Zágon;0823
Zajzon;1218
Zakária;0315
Zakariás;0221
Zakeus;0822
Zala;0714
Zalán;0330
Zalánka;0714
Zamfira;0826
Zámor;0216
Zaránd;0608
Záred;0608
Zazi;0427
Zdenka;0623
Zdenkó;1114
Zea;0417
Zebadiás;0805
Zebulon;0805
Zekő;0421
Zelda;0924
Zelina;1011
Zelinda;0922
Zeline;1021
Zelinke;1021
Zella;0131
Zelma;0123
Zelmira;0221
Zengő;0531
Zenina;0412
Zenkő;0218
Zénó;0412
Zenóbia;1030
Zente;1223
Zerénd;0108
Zerind;0108
Zéta;1122
Zete;1223
Zétény;0222
Zia;0417
Zília;0207
Zille;0603
Zimra;0531
Zina;0313
Zinaida;0605
Zinajda;0605
Zita;0427
Zizi;0427
Zoárd;0717
Zoárda;0717
Zobor;0501
Zoé;0502
Zója;0502
Zolna;0623
Zolta;0308
Zoltán;0308
Zoltána;0623
Zombor;0822
Zomilla;0715
Zonga;0113
Zongor;0113
Zóra;0619
Zorán;0304
Zorinka;0619
Zorka;0619
Zotmund;0301
Zöldike;0922
Zuárd;0717
Zuboly;1226
Zulejka;0109
Zsadány;0823
Zsaklin;0208
Zsálya;0111
Zsanett;0530
Zsanka;0219
Zsanna;0219
Zsazsa;0219
Zsella;0131
Zselyke;0408
Zseni;0916
Zserald;0419
Zseraldin;0419
Zseraldina;0419
Zsigmond;0501
Zsinett;0103
Zsófi;0430
Zsófia;0430
Zsóka;0506
Zsolt;0410
Zsombor;0421
Zsorzsett;0215
Zsuzsa;0219
Zsuzsanna;0219
Zsuzsánna;0219
Zsuzska;0219
Zsüliett;0408